Stiffness	Nom Dia.	Mean Rad	Radial Short Modulus	Radial Short Modulus	Model Plate Thickness	Model Unit Weight	Model Poissons Ratio	Long Short Shear Mod	Radial Short Shear Mod	Torsional Short Shear Mod	Long Yield Stress	Radial Yield Stress	Long Plastic Section	Radial Plastic Section
RSC	Size	r_mean	E1	E2	d	Gamma	StructNu12	G13	G23	G12	YieldStress11	YieldStress22	W11	W22
(lb-ft)	(inch)	(inch)	(psi)	(psi)	(in)	(pci)	(unitless)	(psi)	(psi)	(psi)	(psi)	(psi)	(in^3/in)	(in^3/in)
100	19.5	10.317	64841	78000	1.0715	0.0201	0.3741	8993	15705	12349	2416	3000	0.1592	0.2523
100	21	11.067	64841	78000	1.0715	0.0201	0.3741	8993	15705	12349	2416	3000	0.1592	0.2523
100	24	12.603	64410	78000	1.128	0.0193	0.3716	8543	15046	11795	2399	3000	0.1726	0.2805
100	27	14.141	63951	78000	1.1863	0.0185	0.3689	8123	14448	11285	2381	3000	0.1867	0.3115
100	30	15.715	63218	78000	1.2963	0.0172	0.3647	7434	13412	10423	2353	3000	0.2142	0.3762
100	33	17.291	62589	78000	1.4048	0.0161	0.3611	6860	12524	9692	2328	3000	0.2424	0.4482
100	36	18.849	62159	78000	1.4863	0.0153	0.3586	6483	11934	9209	2312	3000	0.2643	0.5079
100	40	20.901	62183	78000	1.5764	0.0152	0.3587	6449	11829	9139	2307	3000	0.2969	0.5847
100	42	21.901	62183	78000	1.5764	0.0152	0.3587	6449	11829	9139	2307	3000	0.2969	0.5847
100	48	25.088	61451	78000	1.839	0.0137	0.3545	5758	10703	8231	2282	3000	0.3829	0.8404
100	54	28.088	61451	78000	1.839	0.0137	0.3545	5758	10703	8231	2282	3000	0.3829	0.8404
100	60	31.163	61424	78000	1.9601	0.0135	0.3544	5672	10518	8095	2275	3000	0.4323	0.983
100	66	34.2	61569	78000	2.0314	0.0137	0.3552	5786	10710	8248	2285	3000	0.4686	1.0795
100	72	37.318	61580	78000	2.2231	0.0137	0.3553	5764	10676	8220	2292	3000	0.5601	1.3583
100	78	40.422	61508	78000	2.4069	0.0137	0.3549	5763	10680	8222	2280	3000	0.6566	1.6691
100	84	43.422	61508	78000	2.4069	0.0137	0.3549	5763	10680	8222	2280	3000	0.6566	1.6691
100	90	46.532	61547	78000	2.5888	0.0137	0.3551	5767	10688	8228	2287	3000	0.7597	2.0163
100	96	49.632	61457	78000	2.7596	0.0137	0.3546	5756	10696	8226	2282	3000	0.862	2.3896
100	102	52.632	61457	78000	2.7596	0.0137	0.3546	5756	10696	8226	2282	3000	0.862	2.3896
100	108	55.733	61368	78000	2.9304	0.0137	0.354	5746	10706	8226	2277	3000	0.9707	2.8057
100	120	61.829	61427	78000	3.0942	0.0137	0.3544	5749	10686	8217	2277	3000	1.0833	3.2326
100	132	68.026	61520	78000	3.4281	0.0137	0.3549	5776	10713	8244	2284	3000	1.333	4.2347
160	18	9.567	65017	78000	1.0705	0.02	0.3751	9001	15596	12299	2423	3000	0.1592	0.2509
160	19.5	10.353	64593	78000	1.1269	0.0192	0.3726	8551	14942	11746	2407	3000	0.1726	0.2788
160	21	11.141	64141	78000	1.1851	0.0184	0.37	8131	14346	11238	2389	3000	0.1867	0.3095
160	24	12.715	63420	78000	1.2949	0.0171	0.3659	7442	13316	10379	2361	3000	0.2142	0.3735
160	27	14.29	62800	78000	1.4032	0.0159	0.3623	6867	12433	9650	2337	3000	0.2424	0.4447
160	30	15.849	62376	78000	1.4846	0.0152	0.3599	6491	11846	9168	2320	3000	0.2643	0.5037
160	33	17.401	62183	78000	1.5764	0.0152	0.3587	6449	11829	9139	2307	3000	0.2969	0.5847
160	36	19.088	61451	78000	1.839	0.0137	0.3545	5758	10703	8231	2282	3000	0.3829	0.8404
160	40	21.088	61451	78000	1.839	0.0137	0.3545	5758	10703	8231	2282	3000	0.3829	0.8404
160	42	22.088	61451	78000	1.839	0.0137	0.3545	5758	10703	8231	2282	3000	0.3829	0.8404
160	48	25.163	61225	78000	1.9623	0.0136	0.3532	5666	10587	8126	2267	3000	0.4323	0.9917
160	54	28.313	61396	78000	2.2193	0.0137	0.3542	5726	10648	8187	2276	3000	0.5561	1.3562
160	60	31.313	61396	78000	2.2193	0.0137	0.3542	5726	10648	8187	2276	3000	0.5561	1.3562
160	66	34.422	61349	78000	2.409	0.0138	0.3539	5758	10735	8247	2274	3000	0.6566	1.6819
160	72	37.532	61399	78000	2.5909	0.0138	0.3542	5763	10740	8251	2281	3000	0.7597	2.0311
160	78	40.632	61457	78000	2.7596	0.0137	0.3546	5756	10696	8226	2282	3000	0.862	2.3896
160	84	43.733	61368	78000	2.9304	0.0137	0.354	5746	10706	8226	2277	3000	0.9707	2.8057
160	90	46.829	61427	78000	3.0942	0.0137	0.3544	5749	10686	8217	2277	3000	1.0833	3.2326
160	96	49.829	61427	78000	3.0942	0.0137	0.3544	5749	10686	8217	2277	3000	1.0833	3.2326
160	102	52.932	61481	78000	3.2664	0.0137	0.3547	5770	10720	8245	2284	3000	1.2091	3.7314
160	108	56.026	61408	78000	3.4301	0.0138	0.3543	5773	10752	8262	2280	3000	1.333	4.2606
160	120	62.215	61480	78000	3.7447	0.0137	0.3547	5769	10718	8243	2284	3000	1.5889	5.3788
160	132	68.304	61440	78000	3.9008	0.0138	0.3545	5782	10759	8271	2281	3000	1.7254	6.0195
250	33	17.588	61451	78000	1.839	0.0137	0.3545	5758	10703	8231	2282	3000	0.3829	0.8404
250	36	19.163	61424	78000	1.9601	0.0135	0.3544	5672	10518	8095	2275	3000	0.4323	0.983
250	40	21.162	61520	78000	1.9669	0.0137	0.3549	5760	10668	8214	2281	3000	0.4385	0.9939
250	42	22.2	61569	78000	2.0314	0.0137	0.3552	5786	10710	8248	2285	3000	0.4686	1.0795
250	48	25.318	61580	78000	2.2231	0.0137	0.3553	5764	10676	8220	2292	3000	0.5601	1.3583
250	54	28.422	61508	78000	2.4069	0.0137	0.3549	5763	10680	8222	2280	3000	0.6566	1.6691
250	60	31.532	61547	78000	2.5888	0.0137	0.3551	5767	10688	8228	2287	3000	0.7597	2.0163
250	66	34.632	61457	78000	2.7596	0.0137	0.3546	5756	10696	8226	2282	3000	0.862	2.3896
250	72	37.733	61368	78000	2.9304	0.0137	0.354	5746	10706	8226	2277	3000	0.9707	2.8057
250	78	40.829	61427	78000	3.0942	0.0137	0.3544	5749	10686	8217	2277	3000	1.0833	3.2326
250	84	43.932	61481	78000	3.2664	0.0137	0.3547	5770	10720	8245	2284	3000	1.2091	3.7314
250	90	47.026	61520	78000	3.4281	0.0137	0.3549	5776	10713	8244	2284	3000	1.333	4.2347
250	96	50.122	61536	78000	3.5836	0.0137	0.355	5762	10684	8223	2288	3000	1.455	4.7678
250	102	53.215	61480	78000	3.7447	0.0137	0.3547	5769	10718	8243	2284	3000	1.5889	5.3788
250	108	56.299	61432	78000	3.895	0.0137	0.3544	5764	10709	8236	2276	3000	1.7186	5.9865
250	120	62.484	61493	78000	4.2049	0.0137	0.3548	5767	10696	8232	2280	3000	2.0041	7.349
250	132	68.665	61521	78000	4.5019	0.0137	0.3549	5763	10690	8227	2287	3000	2.2961	8.8425
400	72	38.118	61422	78000	3.5798	0.0137	0.3544	5739	10667	8203	2278	3000	1.4486	4.7674
400	78	41.215	61480	78000	3.7447	0.0137	0.3547	5769	10718	8243	2284	3000	1.5889	5.3788
400	84	44.304	61440	78000	3.9008	0.0138	0.3545	5782	10759	8271	2281	3000	1.7254	6.0195
400	90	47.484	61402	78000	4.207	0.0138	0.3542	5764	10728	8246	2277	3000	2.0041	7.3881
400	96	50.484	61402	78000	4.207	0.0138	0.3542	5764	10728	8246	2277	3000	2.0041	7.3881
400	102	53.661	61430	78000	4.4981	0.0137	0.3544	5744	10677	8210	2279	3000	2.2881	8.8445
400	108	56.661	61430	78000	4.4981	0.0137	0.3544	5744	10677	8210	2279	3000	2.2881	8.8445
